,Y,R
1,0.0555822478622293,0.00131465657614172
2,-0.0313619443705258,0.00183685822412372
3,-0.251850272306716,0.00193283474072814
4,0.071840009349691,0.0047664453741163
5,0.337992671107375,0.00812845537438989
6,0.496236655984016,0.00957179185934365
7,-0.244174941680507,0.0098204871173948
8,0.0425295218090338,0.0110360709950328
9,0.395324439937783,0.011149508645758
10,-0.172192386375581,0.0113401929847896
11,-0.523819526775901,0.0117597347125411
12,-0.11978719854687,0.0130775754805654
13,-0.127481804384126,0.0131097168195993
14,0.127411855060954,0.0133903331588954
15,0.0276827860361587,0.0166122107766569
16,0.191563859122834,0.0179577465169132
17,0.0389293006760283,0.021011842880398
18,0.243826133152008,0.0227412241511047
19,0.0607124591443639,0.023331202333793
20,0.452680382850056,0.0242514880374074
21,-0.0192423782715236,0.0274978789966553
22,0.238610690502282,0.0277871224097908
23,-0.0534936352691567,0.0283929328434169
24,0.222561637141821,0.0293771654833108
25,0.16252609943753,0.0307565710972995
26,-0.244021979213979,0.0317132039926946
27,0.148375011558175,0.034438761183992
28,0.480090304565435,0.0346693911124021
29,0.356973129346785,0.03527776687406
30,0.223115760492496,0.0355405795853585
31,-0.10993836131197,0.0358651343267411
32,0.48129690405013,0.0361960020381957
33,0.211625032107692,0.0373126757331192
34,0.0835325868923444,0.0391847176942974
35,0.607140537658812,0.0392489600926638
36,0.00973418148483599,0.0415284289047122
37,0.280634229811084,0.0426571189891547
38,0.52576312289709,0.042885891860351
39,0.356658621317847,0.0432182590011507
40,0.134889911842923,0.0456392089836299
41,0.108885027489712,0.0464608869515359
42,0.305589848290043,0.0479591316543519
43,0.348858061551295,0.0496535839047283
44,0.22682377193477,0.0504396595060825
45,0.552489981647728,0.0507711647078395
46,0.206451094927592,0.0507859203498811
47,0.0495472927759764,0.0515953230205923
48,0.360115418283722,0.052149013383314
49,-0.323434962135287,0.0527368842158467
50,0.328004348060565,0.0541904293932021
51,0.356235796575092,0.0551642864011228
52,0.180204491173763,0.0573726783040911
53,-0.0417566746928557,0.0579320678953081
54,0.139532814363041,0.0583143925759941
55,0.626953055401208,0.0589343772735447
56,0.0554935228782675,0.0599002409726381
57,-0.337941258673105,0.0617862704675645
58,0.448397502019472,0.0619703675620258
59,0.120470001358614,0.0622140523046255
60,0.119155375135635,0.0627861295361072
61,-0.0550605391606056,0.0638024667277932
62,0.243152023951881,0.0638084805104882
63,0.425307750086428,0.0644575387705117
64,0.103946617324142,0.0649005365557969
65,0.0992262527895871,0.0649499187711626
66,0.526634006339329,0.0658019641414285
67,0.191857716324162,0.0664930557832122
68,0.213910637762412,0.06657604733482
69,0.100814245899569,0.0684466371312737
70,0.485184445211868,0.0700326792430133
71,0.0126644565419916,0.0706790471449494
72,0.47435706287456,0.0711540239863098
73,0.465740615161521,0.0724606334697455
74,0.148324060544393,0.0729878859128803
75,0.477774540626001,0.0732468697242439
76,0.515816830689903,0.0752757457084954
77,0.414851671262498,0.0763594461604953
78,0.777836308668333,0.0767657924443483
79,-0.218743596148719,0.0768970381468534
80,-0.0191067527889767,0.0770643802825361
81,-0.0718610544587296,0.0771516691893339
82,0.317961116147844,0.0794396931305528
83,0.676724018802185,0.0822392308618873
84,0.701433273000487,0.0831138978246599
85,0.405827768188631,0.0842469143681228
86,0.505091717004714,0.0853110058233142
87,0.250204113390471,0.0859519173391163
88,0.404354550220969,0.0863953751977533
89,0.392132545278568,0.0936498525552452
90,0.108396124731111,0.0940458888653666
91,0.225837707747084,0.0943902677390724
92,0.266135228294085,0.0948578554671258
93,0.648736420857644,0.0951521336100996
94,0.0448655690580474,0.0978085375390947
95,-0.222531755925378,0.0991691031958908
96,0.498542669297935,0.0994661601725966
97,0.103386272644492,0.100140846567228
98,0.199429604141702,0.100873126182705
99,0.537850903639998,0.103184235747904
100,0.123381208562102,0.104987640399486
101,0.228971398909891,0.105050138663501
102,0.692015816089885,0.106648319633678
103,0.450230594923137,0.107943625887856
104,0.454855186927184,0.10880631650798
105,0.285436155603153,0.109029268613085
106,0.0355164971585929,0.109100963454694
107,-0.0527864521603353,0.110360604943708
108,0.269641070639062,0.113507706439123
109,0.828281306783707,0.115342324832454
110,0.385641705080409,0.117197550134733
111,0.371970848743117,0.117720612091944
112,0.415521609125869,0.118902558228001
113,0.236517097311701,0.119264316512272
114,-0.0155987821466118,0.120282255811617
115,1.00449983784522,0.121471496298909
116,0.229915371949521,0.121691921027377
117,0.263319836537092,0.123428910272196
118,-0.109755444165534,0.123723565135151
119,0.278550667687063,0.125555095961317
120,0.278936856029771,0.125729221384972
121,0.279996473397052,0.128327874932438
122,-0.102579204099083,0.12856467650272
123,0.791022733182994,0.129156854469329
124,0.786008391731525,0.129372348077595
125,0.519913538116975,0.13141653384082
126,0.0723584442765833,0.131442320533097
127,0.527086883856447,0.132228172151372
128,0.287378366485351,0.132689975202084
129,0.269209244118606,0.132827813038602
130,0.690865275733815,0.133734508184716
131,0.0436677567651327,0.134111337829381
132,0.222900847639807,0.134169772733003
133,0.168302098756266,0.134513532742858
134,0.35829401250868,0.136487586190924
135,-0.038452607909372,0.137730283895507
136,0.179941164279605,0.138628246728331
137,0.537564935565285,0.141144325723872
138,0.476497344918316,0.142604082124308
139,0.117335797460997,0.143166586523876
140,0.500766856038446,0.14330437942408
141,-0.246844343732346,0.143626942764968
142,0.276369690228249,0.143787280656397
143,0.542760090637305,0.146561842877418
144,0.200560771385171,0.147322899661958
145,0.356389105117351,0.147481045220047
146,-0.0324411687363572,0.147845706902444
147,0.57816029353365,0.148155870381743
148,-0.0963256189873611,0.148211560677737
149,0.285474360967259,0.148319643223658
150,0.307291711941985,0.152788141276687
151,0.388455712277285,0.154831611318514
152,0.167372542316981,0.15485101705417
153,0.831245566893712,0.155401222640648
154,0.0176817776984962,0.156714132521302
155,0.43960174386593,0.157602083170786
156,-0.3582476330345,0.158219774486497
157,0.377478608762821,0.158395956736058
158,0.505695637755145,0.15978482272476
159,0.108916707454702,0.161596125923097
160,0.55681673299801,0.16210908186622
161,0.464323209051033,0.163085478357971
162,0.626888135450714,0.164326574420556
163,0.172527088548857,0.16489114635624
164,0.140851224678588,0.165027638664469
165,-0.0590063047836896,0.165415122406557
166,0.303297002247549,0.165453933179379
167,0.0514195034372454,0.167715257965028
168,0.559700394602633,0.169310914585367
169,0.4057372771325,0.169576766667888
170,0.935995203036677,0.170243580127135
171,0.100616292231912,0.171800082316622
172,0.68702139298177,0.173442334868014
173,0.25995562389669,0.173652553465217
174,0.0290261455185212,0.175126768415794
175,0.537568022252045,0.176350713707507
176,0.0360760871061769,0.176452036481351
177,0.130721704957934,0.176556752528995
178,0.211832477250694,0.177194535732269
179,0.448270189187973,0.177661752095446
180,0.1460392172073,0.177906081313267
181,0.665272288396941,0.177949683042243
182,0.098744239525886,0.180866361130029
183,0.452922324737443,0.181168327340856
184,0.434592648877344,0.181231822818518
185,0.135847984542096,0.185069964500144
186,0.296153994007295,0.186217601411045
187,0.240338194754807,0.187426371034235
188,0.644464363128628,0.187689346261322
189,0.793825599877215,0.187911816174164
190,0.144835403749753,0.188163298880681
191,0.638584847134065,0.189193622441962
192,0.387594662272378,0.189779917709529
193,-0.0840505082012287,0.191259456099942
194,0.218772987533522,0.19126010988839
195,0.5238609498332,0.192209535045549
196,0.444926728024849,0.192297696368769
197,-0.201052619793332,0.193309862399474
198,0.555013558614396,0.193784071598202
199,0.576570704703899,0.197146713500842
200,0.33861835639189,0.199442182900384
201,0.23972598896308,0.201681931037456
202,0.909761401379976,0.201983017381281
203,0.394957184765855,0.202692255144939
204,0.414134846082775,0.202912412118167
205,0.138684509680636,0.205230931984261
206,0.0841247419889262,0.205974574899301
207,0.0395080166444247,0.206145605770871
208,0.315944168253378,0.207545113284141
209,0.762067800833454,0.208039013436064
210,0.860766706341694,0.20863397535868
211,0.81625206435967,0.210925750667229
212,0.749321120050937,0.212142521282658
213,0.366133146055625,0.212645345833153
214,0.119537718816951,0.212699519237503
215,0.344025738917929,0.213208135217428
216,-0.173509720554642,0.217822452541441
217,0.351793739961585,0.218645284883678
218,0.846278071222916,0.220024403417483
219,0.465032349835592,0.221305927727371
220,0.706655439320664,0.221813754411414
221,0.556508673030717,0.223767722956836
222,0.240100172357579,0.224630508804694
223,0.871097933957012,0.225133402971551
224,0.416085508255395,0.225761834764853
225,0.192259819778043,0.226380796171725
226,0.455517820157702,0.228658142732456
227,0.0595456963644843,0.230466414242983
228,0.656390203632453,0.232161148451269
229,0.567851719556665,0.234915791545063
230,0.355465191842198,0.23726485366933
231,0.323111529523124,0.238737003179267
232,0.679386602898393,0.238868677755818
233,0.180255284377989,0.239629415096715
234,0.199907744789497,0.239637228194624
235,0.552266851264038,0.24011627305299
236,0.333381492644778,0.240123257739469
237,0.677971274259805,0.240811596158892
238,0.397590058890218,0.241579222260043
239,0.746774509543462,0.24273299286142
240,0.572105772478568,0.242956608999521
241,-0.111774277176664,0.244797277031466
242,0.116154793788255,0.245488513959572
243,0.772249504736602,0.247726832982153
244,0.624370654394118,0.247894181171432
245,0.212736043897631,0.252009797375649
246,0.120745276487194,0.255982248578221
247,0.715869158587057,0.256367604015395
248,0.255047106082421,0.257170021301135
249,0.908724693445963,0.257621260825545
250,0.901443216357972,0.258016780717298
251,0.0949844910219948,0.258165926672518
252,0.247534884567834,0.258602296933532
253,0.147724392123774,0.2607038654387
254,0.627315735116931,0.260929737240076
255,0.13879216008939,0.262432192219421
256,-0.0472387321339784,0.262474110117182
257,0.9668903625973,0.2625371592585
258,0.714169280185392,0.264249049592763
259,0.667199534959932,0.264620627742261
260,0.297500399849635,0.2655086631421
261,0.460695422035687,0.265536719933152
262,0.619522180240529,0.267212083097547
263,0.14429873586084,0.267220668727532
264,0.433729042123329,0.267508207354695
265,0.508968749374844,0.267878128914163
266,0.888917878882468,0.268950592027977
267,0.626478229313724,0.26929377974011
268,0.787123167872281,0.270260145887733
269,0.502412404525217,0.271372098475695
270,0.189474923326244,0.271881833905354
271,0.383252744970639,0.272780316416174
272,0.0522821674980792,0.273255241801962
273,0.702843078068007,0.276676489738747
274,0.824945483889042,0.276849841699004
275,0.455564284215771,0.277658086735755
276,0.226080024195076,0.277755932649598
277,0.743224363784114,0.277966029476374
278,0.507998670901631,0.280750213656574
279,0.377454423070754,0.282136296620592
280,0.755378703450239,0.282883955864236
281,0.284734954348904,0.283232500310987
282,0.762086264190193,0.28347720974125
283,0.265031069164166,0.284790480975062
284,0.576008971816109,0.288920137798414
285,0.703045411964125,0.29233139497228
286,0.146754297430931,0.292948722839355
287,0.58048920266213,0.293603372760117
288,0.45306292552118,0.293605549028143
289,0.649969627276177,0.293730155099183
290,0.284039501705984,0.293991799000651
291,0.461627536780698,0.297694456763566
292,0.829219045064676,0.298161529470235
293,0.52605813606588,0.298652542056516
294,0.691504795839661,0.301693270448595
295,0.430911005108099,0.302431331714615
296,0.230667420666938,0.305696442024782
297,0.485711591715585,0.306443258887157
298,0.183113669070282,0.308052448788658
299,-0.159529836074107,0.308292330708355
300,0.783749344081669,0.311772374436259
301,0.219890235055095,0.312036419520155
302,0.0353517521119286,0.312489656498656
303,0.741653633750579,0.314201829954982
304,0.490804084561216,0.315878412220627
305,0.344081462999603,0.31627170718275
306,0.449986899538275,0.317144671687856
307,0.388432862833605,0.317963684443384
308,0.746038782373543,0.321492120390758
309,0.6791599695416,0.322168056620285
310,0.0670598213115589,0.324865140486509
311,0.587282388621578,0.325261015212163
312,0.680685714382278,0.325352151878178
313,0.666948593469108,0.327013726811856
314,-0.105577673411036,0.328157980693504
315,0.441978112940694,0.328743716701865
316,0.995743902922301,0.328777319053188
317,0.701050423021282,0.330668087350205
318,0.0753552371692801,0.332204946083948
319,0.0868584269477553,0.332394674187526
320,0.626024097331553,0.333277984522283
321,0.459862165948598,0.333520805696025
322,0.743743777060442,0.333605515072122
323,0.576967969510707,0.333774930797517
324,0.524582172268834,0.335320759797469
325,0.550336164556273,0.335487491684034
326,0.546121210220277,0.335745624266565
327,0.187527948300322,0.336445357883349
328,1.09252983084496,0.33687830879353
329,0.152544075916569,0.337615333497524
330,0.501836109892187,0.338623774936423
331,0.370232772963529,0.339072937844321
332,0.956816369058446,0.339979203417897
333,0.759781235603555,0.340232761343941
334,0.36605295272496,0.34034899668768
335,0.559101318247146,0.341809901176021
336,0.799598505804594,0.342743474291638
337,1.06822048796732,0.344487393740565
338,0.585573470454959,0.346162099856883
339,0.24964994615302,0.34668348915875
340,0.26467340917896,0.347230677725747
341,1.0123580354512,0.347947468049824
342,-0.00657191709399141,0.348224401008338
343,1.27502730232377,0.348264734493569
344,0.445773264176169,0.348302052123472
345,0.397640325504919,0.348550350870937
346,0.550726705881427,0.348740808898583
347,0.744789223830815,0.348946035839617
348,0.588010532254291,0.350625570164993
349,0.0237506741950327,0.351573409279808
350,0.601220077940198,0.351666721282527
351,0.626222602481494,0.353197271935642
352,0.678701936744931,0.35358579759486
353,0.256110824104111,0.353884240612388
354,-0.0773918759769467,0.356641406659037
355,0.434262990423236,0.356726912083104
356,0.279443680317216,0.356947160093114
357,0.324277450663359,0.3574057451915
358,0.277922200959561,0.358629763592035
359,0.417772741300729,0.360434043221176
360,0.440201090598685,0.361894184956327
361,0.71723061059703,0.362298283260316
362,0.765512652810553,0.363696809858084
363,0.321697917739761,0.366563616320491
364,0.443329346695197,0.3669732096605
365,0.61193857528361,0.369083623867482
366,0.871327387914837,0.36918946239166
367,0.508145815504313,0.370272380299866
368,0.0974634672985604,0.370309785706922
369,0.58016825718217,0.370357065927237
370,0.492691553341422,0.370883537689224
371,0.966035790861452,0.371795737184584
372,0.608929236547445,0.37212389963679
373,0.367675600834984,0.372866708086804
374,0.413653857887128,0.373063371982425
375,0.397906901889291,0.374486864544451
376,0.571096322864793,0.375216530868784
377,0.570416428882431,0.378759440500289
378,0.755524958334026,0.379276725230739
379,0.606895870591379,0.379872591467574
380,0.435258613179522,0.380035179434344
381,0.291999673000948,0.380493885604665
382,0.686378552982038,0.38163214828819
383,0.512121370086644,0.381716351723298
384,0.573777150365029,0.382387957070023
385,0.804034219250459,0.382504623383284
386,0.966727332258531,0.383738204836845
387,0.290440233649818,0.384103718213737
388,0.940010764028931,0.384303892031312
389,0.313169853316672,0.386099633062258
390,0.596448219780865,0.386114092543721
391,0.585936665955356,0.387123587774113
392,0.461573946315798,0.38807848887518
393,0.879759443917743,0.388905099825934
394,0.366985812713945,0.389989543473348
395,0.696889264518937,0.390078933676705
396,0.529052541333584,0.39135928102769
397,0.299975212980355,0.392365885199979
398,0.837269301122065,0.393949056975543
399,0.0130259153426742,0.397147933254018
400,0.403836404531431,0.397706091869622
401,0.150088783540765,0.397843627491966
402,0.584397961794606,0.398645695531741
403,0.602138621566921,0.399102555820718
404,0.256466266357369,0.399351106956601
405,0.699191121236627,0.399994368897751
406,0.278442050112823,0.40044974675402
407,0.701652590161574,0.400843428215012
408,0.596945349926517,0.402197062736377
409,0.717942652776393,0.405689612729475
410,0.30453747658788,0.405763582326472
411,0.563009318361439,0.405790500110015
412,0.423951547130392,0.406830187188461
413,0.173111014133925,0.408277759794146
414,0.579344160729929,0.410084082046524
415,0.985111220901026,0.411155431065708
416,0.379708118781335,0.411274429643527
417,0.492629985268129,0.413124209502712
418,0.715786286286248,0.415047625312582
419,0.552636845563306,0.415318001527339
420,1.02973537022537,0.415860247565433
421,0.72907691472779,0.41785625834018
422,1.12532173405166,0.418321635806933
423,0.632223595293095,0.418338991701603
424,0.262270612393509,0.419973319862038
425,0.651195343207361,0.420215893303975
426,0.315288827210475,0.421446080552414
427,0.295190796235714,0.422595157986507
428,0.499819201634782,0.423098609549925
429,0.780878214613512,0.423558418406174
430,0.633649842183394,0.424153526080772
431,0.752069576826362,0.426098100841045
432,0.778429938064175,0.428347001317888
433,0.506690413121442,0.42847538087517
434,-0.0507784898447559,0.428750370861962
435,0.749155825579427,0.429624407785013
436,1.09249876048225,0.429713366786018
437,0.565612070538205,0.431455979822204
438,0.212295672727751,0.431473690550774
439,0.459729869651681,0.432773130247369
440,0.318457463243679,0.433801761828363
441,0.541781530675517,0.434030848555267
442,0.721505961429128,0.434659484773874
443,0.769113507425467,0.434717640746385
444,0.611381634064354,0.434900622116402
445,0.31913797743501,0.434994159033522
446,0.756391109098025,0.435976401669905
447,0.890592483220633,0.436931110452861
448,1.11701423582747,0.438097107224166
449,0.430657865092686,0.438157397089526
450,0.672768218827925,0.438540067756549
451,0.853994943534845,0.441459143068641
452,0.526723269947188,0.442009785678238
453,0.687104280035354,0.442158423364162
454,0.609496495307571,0.442161690909415
455,0.522436956554862,0.442510108230636
456,0.598214011386895,0.442592467181385
457,0.798922742919433,0.4462353233248
458,0.659956506945449,0.446284348610789
459,0.442123543419408,0.448427465045825
460,-0.000280532505847697,0.450485437177122
461,0.361513329020773,0.451841513160616
462,0.555620431541535,0.452570831403136
463,-0.0679295353099185,0.452720062807202
464,1.1136009113549,0.453131445450708
465,0.189018045068945,0.453895489219576
466,0.271338792118919,0.454598771873862
467,0.926266948291629,0.455274453619495
468,0.0147556469804959,0.456141733797267
469,0.747080515116942,0.456341215176508
470,0.477544486105966,0.459065726259723
471,0.677746261971327,0.459575412096456
472,0.783540158232577,0.460096445865929
473,0.324757631966764,0.460895179538056
474,0.388209189641036,0.461551840649918
475,-0.184034341400728,0.462730274768546
476,0.325496717098595,0.46396238100715
477,0.662231633423215,0.467115115607157
478,0.694416776466461,0.469250942347571
479,1.07531059977519,0.470128617715091
480,0.584951925658137,0.470678497571498
481,0.685275953071179,0.471930730855092
482,0.588193084389009,0.472234202548862
483,0.447904161810789,0.472487921128049
484,0.756872665242823,0.47255811537616
485,0.686130924525258,0.473503098357469
486,0.60267929777845,0.474060096777976
487,0.367064156447405,0.475397920468822
488,0.561084937148105,0.475825038738549
489,0.766641021936464,0.476188018452376
490,0.74047381914871,0.476351245073602
491,0.451095184149294,0.477230065036565
492,0.40451780352992,0.477313709678128
493,0.700064162495077,0.47746321093291
494,0.834162105621635,0.477619622135535
495,0.602248326433025,0.477728241123259
496,0.493837000135475,0.478118034312502
497,0.352185932576457,0.478545248275623
498,0.468116235171358,0.479835794307292
499,0.203266752475887,0.482080115471035
500,0.399665662507812,0.482169573195279
501,0.858724769259128,0.484349524369463
502,0.8532568188976,0.484989680582657
503,0.357889059243335,0.485672106966376
504,0.62848282117126,0.486149104312062
505,0.594382991700694,0.488866982283071
506,0.161769649687325,0.489742305828258
507,0.780242003713103,0.489962622057647
508,0.0994754726211121,0.490028424886987
509,0.26704153773036,0.492596120806411
510,0.828322997208432,0.492715835105628
511,0.443840673314494,0.49331872863695
512,0.525066264670608,0.493541307048872
513,0.17418298303406,0.494654526002705
514,0.217084497244335,0.495001644827425
515,0.667581387912604,0.495064105605707
516,0.536458571075498,0.495593577856198
517,0.432736014952182,0.496685219928622
518,0.24754903263364,0.497699242085218
519,0.306808280498009,0.497868051985279
520,1.09045398415698,0.498514530714601
521,0.918024823556816,0.500440972624347
522,1.19282091319129,0.500850487267599
523,1.19484774016706,0.501754825003445
524,1.18925263641203,0.501948604593053
525,1.07190153767041,0.502250815276057
526,0.684239430372055,0.503339485730976
527,0.743199197940123,0.505531079834327
528,1.18317337943457,0.505843024002388
529,0.66736002419204,0.506939497077838
530,1.12625654219982,0.507035602582619
531,0.860715702802614,0.507374254753813
532,0.894292538610577,0.507641822332516
533,0.794507472135826,0.510125206550583
534,0.933696957249993,0.510959698352963
535,1.21036038339612,0.511169783771038
536,1.10164717213772,0.514732652809471
537,0.929463042600279,0.515526150586084
538,1.20460224965844,0.516123914392665
539,1.40056346441936,0.516796836396679
540,0.984799906669661,0.517009826377034
541,1.10326190673576,0.517950570676476
542,1.05469375227522,0.518576137488708
543,0.740616854190884,0.518634263193235
544,0.750554843628566,0.522248276043683
545,1.46197359780693,0.522461272310466
546,1.20113058465009,0.523986077867448
547,1.16527603998442,0.525305503746495
548,1.01607117188115,0.526027723914012
549,1.09967018550344,0.52709619468078
550,1.01611538829457,0.527310776989907
551,0.988274219729796,0.527781835990027
552,1.03341647459847,0.52804887923412
553,0.723679246256481,0.529630602803081
554,1.57652986133464,0.529719580197707
555,1.17583095623734,0.530824364162982
556,0.911117034765809,0.532601219369099
557,1.27677385801086,0.53306060587056
558,0.812893540275835,0.537864922778681
559,1.39675418738514,0.538794299354777
560,0.869836989473547,0.539462027838454
561,0.387795796197374,0.53978936211206
562,1.30744637498207,0.541979279834777
563,1.24935294365559,0.542130424408242
564,0.772552112047284,0.542336010141298
565,0.612019040316834,0.544234022730961
566,0.504298007982894,0.546337621053681
567,0.894629345904544,0.547646587016061
568,0.502981524250006,0.548170414287597
569,0.755371821841898,0.551263966830447
570,0.998463981281588,0.553036311641335
571,1.17109924264985,0.553475703578442
572,0.751667569328893,0.554177061188966
573,0.925672629441201,0.5542833507061
574,1.01981656048277,0.554900623159483
575,1.38400395348216,0.557159538846463
576,0.712915901553267,0.559310270706192
577,0.55020183615279,0.560900748008862
578,0.489007170391422,0.561988092726097
579,1.08919286611436,0.562176787760109
580,0.934743853523873,0.562782935798168
581,1.14161050169833,0.564263842999935
582,0.912574971360764,0.565268977312371
583,1.04412356330664,0.567687397589907
584,0.998318435808794,0.572170259663835
585,0.947602805610628,0.572853363351896
586,0.784361576433355,0.57487219828181
587,1.25405861806564,0.576804658863693
588,0.836026955949629,0.578161916695535
589,1.10406352880545,0.578284267568961
590,0.978476633431156,0.578353944001719
591,1.38035905581401,0.581277578603476
592,1.11203927493361,0.582205270184204
593,0.845949097898712,0.587035141419619
594,0.927370416024877,0.587927932385355
595,0.898219583461565,0.588066393043846
596,0.406553123456818,0.588419190375134
597,1.35188994665426,0.59057315881364
598,1.19211960829297,0.592313350411132
599,0.733469484632539,0.593595445388928
600,1.01893229274205,0.595711996313184
601,0.983315211338246,0.596448455704376
602,0.63901775884987,0.597240485483781
603,1.29400291552933,0.598092422354966
604,0.859221889243439,0.5983954181429
605,0.966887153271559,0.59876096714288
606,1.02156509201987,0.599565825425088
607,0.67023590855316,0.601541217649356
608,0.645772213453274,0.603588067693636
609,0.904987808167384,0.603595691500232
610,1.06098747893099,0.603792401496321
611,0.934511000739812,0.604933290276676
612,1.09224363560201,0.605303446529433
613,0.998592230123268,0.606440994655713
614,1.04877826066708,0.609460863517597
615,0.5614743754394,0.609748935094103
616,1.08125065989056,0.610016016056761
617,0.712611294994713,0.61242324183695
618,0.791851800300539,0.614644971676171
619,0.877458957262484,0.620410033036023
620,0.491694887689404,0.620427925605327
621,0.878480610166414,0.620793939800933
622,0.793174555784941,0.621076293755323
623,0.722953513411503,0.621773279504851
624,0.76260203340215,0.623435709392652
625,1.21188065605642,0.6243645476643
626,0.58549831051996,0.624714189674705
627,0.845957611419768,0.625245335279033
628,0.280685694450087,0.62665484752506
629,0.728166434854378,0.62911404389888
630,0.770344405656311,0.630414122482762
631,1.28074244893106,0.631048747571185
632,0.654359300972831,0.631420228397474
633,0.675160504338781,0.633493264438584
634,0.542691956459299,0.634875798830763
635,0.937035423093958,0.63489483576268
636,1.1797631179985,0.635949848685414
637,0.590039618914115,0.637908723205328
638,0.781488063521677,0.640101045137271
639,1.22780548804692,0.6422145802062
640,0.715095044509685,0.642288258532062
641,1.0571416583369,0.642795492196456
642,0.982090102814902,0.644107228610665
643,0.55819840871988,0.644315762910992
644,1.18875719063064,0.644331015180796
645,1.08193968310419,0.646067276829854
646,0.760606020653565,0.646679189987481
647,0.656353481286519,0.647060193819925
648,0.783984638853033,0.648013445781544
649,1.08467509584266,0.648550947429612
650,0.739274111554295,0.649579460499808
651,0.410752296651278,0.65087046707049
652,0.842934809401022,0.651673766085878
653,1.07142324768325,0.651940943440422
654,0.58754096297333,0.653349443105981
655,0.816741975620699,0.654723928077146
656,0.570665367887411,0.654732875758782
657,0.904271700820258,0.656162315513939
658,0.840612637563012,0.657828069292009
659,0.86513276303567,0.658057553693652
660,0.71731630819129,0.658877609064803
661,0.69480231397627,0.659821025794372
662,1.08922311961271,0.660797792486846
663,0.896680443625132,0.662005076417699
664,0.822857408976489,0.663010967662558
665,0.0660286866926066,0.663342725252733
666,0.549400724409226,0.664618249749765
667,1.05652847748912,0.667747627478093
668,0.763855730986432,0.668050603941083
669,0.563147163475956,0.668466738192365
670,0.753886574385435,0.670353451743722
671,0.768978151304626,0.671408327762038
672,0.73566961493442,0.673712232848629
673,0.983506643990524,0.675808124942705
674,1.23953722619935,0.675853760447353
675,1.10609171629736,0.676164050819352
676,1.17027561556399,0.676568772410974
677,0.775848286900151,0.677106101531535
678,1.06887207955198,0.677767623681575
679,0.609577049380085,0.68144251476042
680,0.818964185782088,0.682788078673184
681,1.39827347247293,0.685107505181804
682,0.847174720204122,0.687022846657783
683,0.773052578453149,0.688275237567723
684,0.702415904857646,0.689413412474096
685,1.0412512322875,0.689457366475835
686,1.37484506140172,0.689627848798409
687,0.950833880835812,0.690256722969934
688,0.781242484889984,0.691801619483158
689,1.36490377379613,0.691927672130987
690,0.651107198953674,0.692731556482613
691,1.12708044981713,0.69475334812887
692,0.738653920972241,0.695012246258557
693,0.587605557974383,0.696196999400854
694,1.14728934624339,0.696608748054132
695,0.391000201500569,0.69882453721948
696,0.763154502433587,0.699728766223416
697,0.841908800809894,0.702462512534112
698,0.727197575655545,0.702778743347153
699,0.427344600756197,0.703941832529381
700,0.674962505848267,0.705859006382525
701,0.445411838339725,0.706661531934515
702,1.3140514062212,0.7084243837744
703,0.368800551990209,0.708740051137283
704,0.306290232344569,0.708975198445842
705,1.00551515376012,0.711121222469956
706,1.05746600775347,0.711743867723271
707,0.78122330276477,0.71222455939278
708,0.778322852594308,0.712465031770989
709,1.01124904964694,0.712514678714797
710,1.17964764089992,0.712540122447535
711,0.430586852850722,0.714717949740589
712,1.15415129924049,0.714966212399304
713,0.876550080549418,0.715566066093743
714,0.742710378459129,0.715567200211808
715,1.14361940805355,0.715833283727989
716,1.06167183824767,0.716589478775859
717,1.14581545042677,0.717090838821605
718,0.753115157479761,0.717618508264422
719,1.01969489163245,0.717935275984928
720,0.898843315618053,0.718860115855932
721,0.694768920605306,0.719913988374174
722,1.26297562735796,0.720415785908699
723,0.86170825489499,0.723404312273487
724,0.807376305047251,0.72369075124152
725,0.953274143335026,0.723710946040228
726,0.918452873017818,0.723725946620107
727,0.644161392026308,0.724244692828506
728,0.807112920832986,0.724490575492382
729,1.4720120080615,0.724498892668635
730,0.801527505754538,0.725405272562057
731,0.744187210243119,0.727181021124125
732,1.00136898031033,0.72776700463146
733,0.918105820608257,0.727830457501113
734,0.681977032300071,0.729309623362496
735,0.545476666958885,0.729803287889808
736,1.0272040447414,0.730932883918285
737,0.844613990557081,0.731371578993276
738,0.93512779618674,0.731792511884123
739,0.741317807882809,0.7323137386702
740,0.401035474160421,0.732421197462827
741,0.831099235448356,0.732718017650768
742,1.40964125781994,0.735003646463156
743,0.444712704066087,0.737305467948318
744,0.562085030166985,0.739641745807603
745,0.473205213298874,0.740976688219234
746,0.715854178093767,0.741078648716211
747,1.15098563153256,0.74297241307795
748,0.767185480277016,0.74310650723055
749,0.740018982460858,0.745110136223957
750,0.480484608404301,0.746698269620538
751,0.818208553464214,0.747635063482448
752,1.05897427335658,0.749821664998308
753,1.36434819767848,0.750882187858224
754,1.12769648038389,0.751221985556185
755,0.581290829060457,0.751504168147221
756,0.672980792749772,0.751545873004943
757,0.949197728349681,0.753332700580359
758,0.793725148633884,0.754705621628091
759,0.86497581929786,0.754820944508538
760,0.466609378231192,0.756644907407463
761,0.68784426912853,0.756904080044478
762,0.562729219658029,0.757087148027495
763,0.561378076937578,0.758103052387014
764,0.61331740377828,0.758696807082742
765,0.688051732188934,0.760313281789422
766,0.789003937430924,0.761973861604929
767,0.948641006236251,0.762151529546827
768,0.662126654979986,0.763222689507529
769,0.572699308651092,0.766310670645908
770,1.1905676907433,0.766842754324898
771,1.0347568623002,0.767137174261734
772,0.959695824264836,0.768144550733268
773,1.20911953224251,0.769841419998556
774,0.539384229176758,0.770225355634466
775,1.29568149025931,0.770653631538153
776,1.09002269673341,0.770737042883411
777,0.855288554562907,0.776833998039365
778,0.93436725776288,0.77714498527348
779,0.793478801544791,0.777320698834956
780,0.750337375086927,0.777445221319795
781,0.383507586773759,0.778042529011145
782,0.963102419751974,0.77818130212836
783,1.31274513739157,0.778544640168548
784,1.29931149721241,0.778914677444845
785,0.818460669954018,0.779984889784828
786,0.748216520565287,0.781017540255561
787,0.819752930981935,0.782182115828618
788,1.06020097498943,0.782851336989552
789,1.14297849581907,0.78293276228942
790,0.875507901430133,0.783097670879215
791,1.05093269981285,0.784546229988337
792,0.765282656691041,0.784935477888212
793,0.894398144648272,0.787540507735685
794,1.06513442575179,0.789094472071156
795,1.67850821515508,0.789231489412487
796,0.755014365749922,0.789356231689453
797,0.599060165990484,0.792378755984828
798,0.877124770299731,0.792909023817629
799,0.663151799827839,0.79423986072652
800,0.921351918940211,0.796836083987728
801,0.847465039073442,0.79730882588774
802,1.08999015109873,0.798814549576491
803,0.519142369320882,0.801141887204722
804,0.457256032704088,0.801687705563381
805,1.14939802689027,0.803119047079235
806,0.812808832896165,0.804390771314502
807,0.524163873447729,0.806541827740148
808,0.482860703182843,0.810870242770761
809,0.612205209526867,0.812131523853168
810,0.897771276407508,0.812305092345923
811,0.617432980504324,0.813435208518058
812,1.08441691422072,0.813805783400312
813,0.809559756741812,0.814251750474796
814,0.794062446637733,0.818634688388556
815,0.740361412958447,0.819698318606243
816,0.669643999284428,0.819952085847035
817,0.701942919657446,0.820171616971493
818,1.03289565011812,0.820279993582517
819,0.408551962402986,0.820946294115856
820,1.01476233932468,0.821162318112329
821,0.654409629802257,0.82239915127866
822,0.925446166642774,0.822793305618688
823,0.723497724168472,0.827373318606988
824,0.401372558210258,0.827717769658193
825,0.824266302909139,0.828075018012896
826,0.577571350405246,0.828534359810874
827,1.01773723755789,0.829201063839719
828,0.529607298809051,0.829324304359034
829,0.28915326367905,0.829877127427608
830,0.522300936219376,0.830245703924447
831,0.591656947398476,0.831671715015545
832,0.527998139743058,0.831898988224566
833,0.672189616576109,0.835517949890345
834,0.581782560188737,0.836732269730419
835,0.627381195920766,0.837416569236666
836,0.811290606235455,0.838384066708386
837,0.437536066927221,0.839440350187942
838,0.917638790562102,0.840507032116875
839,0.726869397782117,0.840614554006606
840,0.717361683847912,0.841351716779172
841,0.216868722292966,0.842589903390035
842,0.650196611416513,0.843120148405433
843,0.58460638614587,0.845602609682828
844,0.934827251810808,0.846245752647519
845,1.06939940815407,0.847882149508223
846,1.02824587937338,0.849457093048841
847,0.442023951434813,0.849552103783935
848,0.520125551263132,0.851076219463721
849,0.696285918873787,0.851667639799416
850,0.451884576215753,0.854001502273604
851,0.314856066408194,0.855082356370986
852,0.912932334738212,0.856131664710119
853,0.731037902356022,0.857501537073404
854,0.866649037554474,0.858687452971935
855,0.41068012041127,0.860691176727414
856,0.625918709694002,0.8612094768323
857,0.417560608432866,0.862034041201696
858,0.502637758512726,0.86251068697311
859,0.766398557240729,0.863630566513166
860,0.504780193924906,0.864339470630512
861,0.460002662123725,0.864544949028641
862,0.381611844983934,0.864807550329715
863,0.347997691072668,0.866808582562953
864,0.490496986902278,0.867238787235692
865,1.13022398893562,0.869657265022397
866,0.54033917430513,0.86969084572047
867,0.42506340125129,0.870805552927777
868,0.350243757845485,0.872974850703031
869,0.663019349652936,0.874149660812691
870,0.602071876819273,0.874282993841916
871,0.762760265907395,0.875321330036968
872,0.628588199311202,0.87591898906976
873,0.915901532980654,0.876269212691113
874,0.87837674590238,0.877057543024421
875,0.961954950561594,0.877578062238172
876,0.757328878170451,0.879433296155185
877,0.974335410392365,0.880319068906829
878,0.676366593673102,0.880619034869596
879,0.926229452221648,0.883752264082432
880,0.652323521432163,0.885226304875687
881,0.520461866655967,0.886450943304226
882,0.38580772667862,0.886458750581369
883,0.509013083417889,0.892198335845023
884,0.498501770529463,0.89291041251272
885,0.829162351063018,0.893571288092062
886,0.670899851659626,0.895094102947041
887,0.526059365805375,0.895445425994694
888,0.45713719000423,0.897848492022604
889,1.05945972090516,0.898389684967697
890,0.62139067709608,0.899277499644086
891,0.367047728290232,0.900939270388335
892,0.570707467666916,0.90223774779588
893,0.700859569919065,0.903081611497328
894,0.884622953939003,0.90454664779827
895,0.654305072042113,0.90557726053521
896,0.702911050740853,0.906315261265263
897,0.414341659749435,0.907249193172902
898,0.873272570517187,0.907291416078806
899,0.698409612043668,0.908207789994776
900,0.856191196852758,0.910060926806182
901,1.05842409020469,0.910370304249227
902,0.715409191390601,0.911651314469054
903,0.599062612681652,0.912875924259424
904,0.477147591751956,0.913784642005339
905,0.522411318244416,0.916859527118504
906,0.435820623687591,0.919331770390272
907,0.756063467797428,0.920517840655521
908,0.296416935392693,0.920827467227355
909,0.22448472831488,0.923968471353874
910,0.493894973153472,0.924074469832703
911,0.931576660588607,0.924366363789886
912,0.690523962191372,0.925229935208336
913,0.536178870631128,0.925323475850746
914,0.826506506727357,0.926113174064085
915,0.570288615795487,0.927302088588476
916,0.628712861108058,0.92817754833959
917,0.675460154381099,0.928483226336539
918,0.929301493430401,0.928615199634805
919,0.980120403991449,0.928777225781232
920,0.977224687725893,0.929253919748589
921,0.900969464857146,0.929743205895647
922,0.737893909172164,0.930591920856386
923,1.12385138683364,0.932571928249672
924,1.16447779402344,0.932808704674244
925,0.985816230080198,0.932909828843549
926,0.597329742880232,0.934691370232031
927,0.392223957227447,0.934705231105909
928,0.700429352472188,0.934760116506368
929,0.512620962913208,0.935712467646226
930,0.718206189119346,0.938176916679367
931,0.511640652335845,0.938413745490834
932,0.879005608425533,0.939136706059799
933,1.1951170283411,0.940308712190017
934,0.887338769861884,0.942074909573421
935,0.83145036115076,0.942505322396755
936,0.655175331374154,0.942704762332141
937,1.19084277416075,0.942957059247419
938,0.625146055599321,0.943697054404765
939,0.989093902570009,0.943724818294868
940,1.03830098237723,0.944410233525559
941,0.684354029717706,0.944675268605351
942,-0.169138142595116,0.944791405461729
943,0.560271979113709,0.946556748822331
944,0.756818201192374,0.946817819029093
945,0.316357643345174,0.947020521620288
946,0.318833556555673,0.947966354666278
947,0.867444390970889,0.948938177432865
948,-0.0597511810487765,0.950951009057462
949,0.695705781938495,0.953355451114476
950,0.569902298532728,0.953548396006227
951,0.472377616222881,0.953732650028542
952,0.652333938748187,0.954378136899322
953,0.649501819103816,0.95514673832804
954,0.697211715926384,0.955675768665969
955,0.665980298502643,0.956285735592246
956,0.500385913964153,0.957249888917431
957,0.698511431260735,0.957636520732194
958,0.978952332181324,0.959968606010079
959,0.798298213800582,0.960617997217923
960,1.00538533732652,0.961096282117069
961,0.562151949998107,0.961409936426207
962,0.776286224925711,0.961853419896215
963,0.755972984744189,0.962333308532834
964,0.44353846643868,0.963312016334385
965,0.424326973271103,0.964317037956789
966,1.09583198090571,0.96467367419973
967,0.417819694703494,0.969208805356175
968,0.862055640506822,0.969528166111559
969,0.557327169150513,0.970162178855389
970,0.34886807051934,0.970451730070636
971,0.239740360921096,0.970881566638127
972,0.32162481839943,0.970997145865113
973,0.133512333099251,0.9737266858574
974,0.399156021814355,0.974792463472113
975,0.862825616552235,0.975657349685207
976,0.473820615104199,0.976170694921166
977,1.0513485951555,0.97855406277813
978,0.572539345763247,0.98036478087306
979,0.380687399222838,0.981018084799871
980,0.54360081680002,0.981563460314646
981,0.464889261579862,0.984820266254246
982,0.500940964390709,0.985095223877579
983,0.625949872059422,0.986311589134857
984,0.630876826054284,0.987101763952523
985,0.798532506544364,0.988833592971787
986,0.743315880977979,0.98949983343482
987,0.801660099577416,0.990627265069634
988,0.640514906753936,0.990660011768341
989,0.405404299423188,0.991099219536409
990,0.718866625411215,0.991838620044291
991,0.709635488343901,0.991906094830483
992,0.504949238783324,0.99268406117335
993,0.508747460010549,0.99278808827512
994,0.878797555991561,0.993749226210639
995,0.939988907813902,0.993913878686726
996,0.631829003701738,0.995965478708968
997,0.505071947706897,0.996077371528372
998,1.01620057980894,0.996111101238057
999,0.289511273673249,0.999455405166373
1000,0.37207405738448,0.999930593650788